Workbook

Sheet Raw_Data
A1: CAMPAIGN ID | B1: CHANNEL | C1: CAMPAIGN NAME | D1: SPEND | E1: CLICKS | F1: CONVERSIONS | G1: REVENUE | H1: CTR | I1: ROAS | J1: MONTH
A2: CMP0002 | B2: Facebook Ads | C2: New Launch | D2: 12009.39 | E2: 963 | F2: 104 | G2: 1362.8 | I2: 0.11 | J2: 2024-05
A3: CMP0003 | B3: Facebook Ads | C3: Flash Sale | D3: 14303.48 | E3: 644 | F3: 5 | G3: 22080.11 | H3: 2.66 | I3: 1.54 | J3: 2024-07
A4: CMP0006 | B4: Email | C4: Summer Sale | D4: 7627.32 | E4: 2148 | F4: 28 | G4: 6803.67 | H4: 1.34 | I4: 0.89 | J4: 2024-01
A5: CMP0007 | B5: Instagram | C5: Brand Awareness | D5: 13980.7 | E5: 700 | F5: 95 | G5: 1467.89 | H5: 1.5 | I5: 0.1 | J5: 2024-08
A6: CMP0008 | B6: Email | C6: New Launch | D6: 14440.73 | E6: 1429 | F6: 62 | G6: 2773.41 | H6: 1.44 | I6: 0.19 | J6: 2024-06
A7: CMP0009 | B7: Email | C7: Summer Sale | D7: 12636.48 | E7: 1066 | F7: 43 | G7: 34815.43 | H7: 10.54 | I7: 2.76 | J7: 2024-07
A8: CMP0013 | B8: Email | C8: New Launch | D8: 1542.4 | E8: 1162 | F8: 101 | G8: 8784.32 | I8: 5.7 | J8: 2024-07
A9: CMP0014 | B9: Google Ads | C9: Flash Sale | D9: 11290.88 | E9: 2483 | F9: 2 | G9: 34578.52 | H9: 1.26 | I9: 3.06 | J9: 2024-02
A10: CMP0015 | B10: Google Ads | C10: Diwali Offer | D10: 14478.03 | E10: 181 | F10: 75 | G10: 32122.94 | H10: 0.43 | I10: 2.22 | J10: 2024-05
A11: CMP0019 | B11: Email | C11: New Launch | D11: 6284.62 | E11: 943 | F11: 122 | G11: 14921.11 | H11: 0.55 | I11: 2.37 | J11: 2024-07
A12: CMP0020 | B12: Instagram | C12: New Launch | D12: 7477.4 | E12: 1263 | F12: 1 | G12: 8081.45 | I12: 1.08 | J12: 2024-02
A13: CMP0023 | B13: Email | C13: New Launch | D13: 14140.61 | E13: 1799 | F13: 44 | G13: 24868.44 | H13: 1.02 | I13: 1.76 | J13: 2024-06
A14: CMP0026 | B14: Google Ads | C14: Retargeting | D14: 6343.08 | E14: 932 | F14: 4 | G14: 2920.48 | I14: 0.46 | J14: 2024-01
A15: CMP0028 | B15: Facebook Ads | C15: Summer Sale | D15: 10188.62 | E15: 412 | F15: 90 | G15: 1485.91 | H15: 0.81 | I15: 0.15 | J15: 2024-12
A16: CMP0029 | B16: Email | C16: New Launch | D16: 970.37 | E16: 1478 | F16: 49 | G16: 20983.2 | H16: 1.37 | I16: 21.62 | J16: 2024-06
A17: CMP0030 | B17: Google Ads | C17: Brand Awareness | D17: 1086.93 | E17: 2191 | F17: 94 | G17: 6480.42 | H17: 1.29 | I17: 5.96 | J17: 2024-07
A18: CMP0032 | B18: Instagram | C18: Summer Sale | D18: 13741.49 | E18: 1096 | F18: 41 | G18: 38979.68 | H18: 0.55 | I18: 2.84 | J18: 2024-08
A19: CMP0034 | B19: Facebook Ads | C19: Retargeting | D19: 14341.98 | E19: 2735 | F19: 136 | G19: 35803 | H19: 1.4 | I19: 2.5 | J19: 2024-05
A20: CMP0035 | B20: Google Ads | C20: Flash Sale | D20: 6651.76 | E20: 2036 | F20: 47 | G20: 15121.6 | H20: 1.19 | I20: 2.27 | J20: 2024-02
A21: CMP0036 | B21: LinkedIn Ads | C21: Retargeting | D21: 3484.27 | E21: 1386 | F21: 0 | G21: 15074.92 | H21: 1.73 | I21: 4.33 | J21: 2024-03
A22: CMP0037 | B22: Instagram | C22: Brand Awareness | D22: 12570.11 | E22: 2000 | F22: 123 | G22: 0 | H22: 1.03 | I22: 0 | J22: 2024-01
A23: CMP0038 | B23: Instagram | C23: Retargeting | D23: 5637.5 | E23: 1844 | F23: 65 | G23: 14996.61 | H23: 1.01 | I23: 2.66 | J23: 2024-02
A24: CMP0039 | B24: Facebook Ads | C24: New Launch | D24: 9133.12 | E24: 326 | F24: 37 | G24: 37407.61 | H24: 0.49 | I24: 4.1 | J24: 2024-07
A25: CMP0040 | B25: Google Ads | C25: Brand Awareness | D25: 3500.97 | E25: 2930 | F25: 0 | G25: 20903.59 | H25: 31.07 | I25: 5.97 | J25: 2024-06
A26: CMP0044 | B26: Instagram | C26: Diwali Offer | D26: 3623.21 | E26: 774 | F26: 39 | G26: 4470.25 | H26: 20.86 | I26: 1.23 | J26: 2024-03
... A37: CMP0059 | B37: Google Ads | C37: Summer Sale | D37: 3020.26 | E37: 1698 | F37: 98 | G37: 34195.67 | H37: 2.94 | I37: 11.32 | J37: 2024-07
A38: CMP0060 | B38: Google Ads | C38: Diwali Offer | D38: 5157.34 | E38: 1784 | F38: 21 | G38: 35993.19 | I38: 6.98 | J38: 2024-07
A39: CMP0064 | B39: Google Ads | C39: Retargeting | D39: 9979.42 | E39: 1453 | F39: 136 | G39: 36456.75 | H39: 0.74 | I39: 3.65 | J39: 2024-08
A40: CMP0065 | B40: Email | C40: Diwali Offer | D40: 7353.47 | E40: 999 | F40: 49 | G40: 12615.19 | H40: 0.8 | I40: 1.72 | J40: 2024-08
A41: CMP0066 | B41: LinkedIn Ads | C41: Retargeting | D41: 11411.55 | E41: 1091 | F41: 0 | G41: 0 | I41: 0 | J41: 2024-07
A42: CMP0067 | B42: Email | C42: Retargeting | D42: 9152.81 | E42: 2066 | F42: 29 | G42: 22526.36 | H42: 1.29 | I42: 2.46 | J42: 2024-02
A43: CMP0068 | B43: Facebook Ads | C43: Brand Awareness | D43: 11658.43 | E43: 2619 | F43: 101 | G43: 27696.29 | H43: 2.3 | I43: 2.38 | J43: 2024-05
A44: CMP0070 | B44: Instagram | C44: Diwali Offer | D44: 5924.38 | E44: 1762 | F44: 59 | G44: 4131.8 | H44: 2.51 | I44: 0.7 | J44: 2024-01
A45: CMP0075 | B45: Facebook Ads | C45: Retargeting | D45: 6277.15 | E45: 1972 | F45: 105 | G45: 36359.67 | H45: 1.21 | I45: 5.79 | J45: 2024-01
A46: CMP0076 | B46: Instagram | C46: New Launch | D46: 7347.93 | E46: 2301 | F46: 0 | G46: 35617.27 | H46: 1.18 | I46: 4.85 | J46: 2024-08
A47: CMP0077 | B47: Instagram | C47: Diwali Offer | D47: 12695.49 | E47: 1169 | F47: 0 | G47: 2788.51 | I47: 0.22 | J47: 2024-07
A48: CMP0080 | B48: Google Ads | C48: Retargeting | D48: 12049.55 | E48: 854 | F48: 13 | G48: 15892.29 | H48: 0.5 | I48: 1.32 | J48: 2024-07
A49: CMP0084 | B49: Facebook Ads | C49: Diwali Offer | D49: 7918.4 | E49: 2535 | F49: 66 | G49: 25527.92 | I49: 3.22 | J49: 2024-02
A50: CMP0088 | B50: Instagram | C50: Diwali Offer | D50: 6093.66 | E50: 2468 | F50: 8 | G50: 10666.69 | H50: 2.73 | I50: 1.75 | J50: 2024-09
A51: CMP0089 | B51: Email | C51: New Launch | D51: 9866.18 | E51: 645 | F51: 146 | G51: 18420.32 | H51: 0.33 | I51: 1.87 | J51: 2024-11
A52: CMP0090 | B52: LinkedIn Ads | C52: New Launch | D52: 12556.29 | E52: 1794 | F52: 132 | G52: 13658.47 | H52: 2.95 | I52: 1.09 | J52: 2024-04
A53: CMP0092 | B53: Instagram | C53: Retargeting | D53: 3046.68 | E53: 1798 | F53: 131 | G53: 24129.74 | H53: 1.41 | I53: 7.92 | J53: 2024-04
A54: CMP0093 | B54: Facebook Ads | C54: Retargeting | D54: 2986.97 | E54: 625 | F54: 0 | G54: 34736.84 | H54: 0.42 | I54: 11.63 | J54: 2024-06
A55: CMP0094 | B55: Google Ads | C55: Retargeting | D55: 5000.37 | E55: 928 | F55: 137 | G55: 24008.79 | H55: 1.08 | I55: 4.8 | J55: 2024-03
A56: CMP0095 | B56: Email | C56: Diwali Offer | D56: 6977.28 | E56: 699 | F56: 52 | G56: 26976.28 | H56: 0.37 | I56: 3.87 | J56: 2024-06
A57: CMP0096 | B57: Email | C57: New Launch | D57: 9517.72 | E57: 78 | F57: 8 | G57: 0 | H57: 0.04 | I57: 0 | J57: 2024-06
A58: CMP0097 | B58: Facebook Ads | C58: Summer Sale | D58: 8704.02 | E58: 1422 | F58: 131 | G58: 7081.7 | H58: 2.7 | I58: 0.81 | J58: 2024-02
A59: CMP0098 | B59: Instagram | C59: Brand Awareness | D59: 8319.86 | E59: 2641 | F59: 33 | G59: 19317.56 | I59: 2.32 | J59: 2024-04
A60: CMP0099 | B60: Instagram | C60: Flash Sale | D60: 10918.87 | E60: 1583 | F60: 9 | G60: 19211.98 | I60: 1.76 | J60: 2024-08
A61: CMP0101 | B61: Instagram | C61: Summer Sale | D61: 3392.26 | E61: 540 | F61: 114 | G61: 10374.59 | H61: 0.32 | I61: 3.06 | J61: 2024-01
A62: CMP0102 | B62: Facebook Ads | C62: Diwali Offer | D62: 1585.71 | E62: 1538 | F62: 58 | G62: 19179.95 | H62: 7.77 | I62: 12.1 | J62: 2024-02
A63: CMP0104 | B63: Email | C63: Flash Sale | D63: 2802.32 | E63: 965 | F63: 116 | G63: 22609.66 | H63: 0.82 | I63: 8.07 | J63: 2024-08
A64: CMP0105 | B64: Facebook Ads | C64: Diwali Offer | D64: 3453.47 | E64: 2886 | F64: 0 | G64: 36403.84 | H64: 4.67 | I64: 10.54 | J64: 2024-08
A65: CMP0108 | B65: Google Ads | C65: New Launch | D65: 2666.99 | E65: 2989 | F65: 0 | G65: 30034.31 | H65: 2.9 | I65: 11.26 | J65: 2024-08
A66: CMP0109 | B66: Facebook Ads | C66: Retargeting | D66: 2061.05 | E66: 1877 | F66: 125 | G66: 14782.71 | H66: 1.42 | I66: 7.17 | J66: 2024-03
A67: CMP0110 | B67: Facebook Ads | C67: Brand Awareness | D67: 13087.32 | E67: 2708 | F67: 69 | G67: 24055.59 | H67: 5.47 | I67: 1.84 | J67: 2024-08
A68: CMP0111 | B68: Google Ads | C68: Brand Awareness | D68: 4514.48 | E68: 2965 | F68: 106 | G68: 4040.54 | H68: 3.01 | I68: 0.9 | J68: 2024-08
A69: CMP0112 | B69: Instagram | C69: Summer Sale | D69: 13740.98 | E69: 2895 | F69: 60 | G69: 0 | H69: 4.91 | I69: 0 | J69: 2024-01
A70: CMP0113 | B70: Email | C70: Flash Sale | D70: 9020.23 | E70: 1644 | F70: 40 | G70: 37908.84 | H70: 1.54 | I70: 4.2 | J70: 2024-01
A71: CMP0114 | B71: Facebook Ads | C71: Brand Awareness | D71: 4112.82 | E71: 916 | F71: 107 | G71: 15025.73 | H71: 9.42 | I71: 3.65 | J71: 2024-02
A72: CMP0115 | B72: Instagram | C72: Brand Awareness | D72: 10365.35 | E72: 545 | F72: 59 | G72: 0 | H72: 2.83 | I72: 0 | J72: 2024-08
... A84: CMP0135 | B84: Google Ads | C84: Retargeting | D84: 12705.36 | E84: 1417 | F84: 26 | G84: 26418.67 | H84: 2.34 | I84: 2.08 | J84: 2024-09
A85: CMP0136 | B85: Google Ads | C85: Diwali Offer | D85: 11118.95 | E85: 621 | F85: 28 | G85: 37732.26 | I85: 3.39 | J85: 2024-11
A86: CMP0137 | B86: Email | C86: Brand Awareness | D86: 6432.54 | E86: 134 | F86: 64 | G86: 6324.3 | H86: 0.24 | I86: 0.98 | J86: 2024-03
A87: CMP0138 | B87: Instagram | C87: Summer Sale | D87: 13765.82 | E87: 1369 | F87: 147 | G87: 38104.72 | H87: 0.75 | I87: 2.77 | J87: 2024-05
A88: CMP0139 | B88: Instagram | C88: Diwali Offer | D88: 12146.63 | E88: 257 | F88: 116 | G88: 21679.63 | H88: 1.85 | I88: 1.78 | J88: 2024-02
A89: CMP0140 | B89: Instagram | C89: Summer Sale | D89: 10797 | E89: 2258 | F89: 117 | G89: 20882.74 | I89: 1.93 | J89: 2024-03
A90: CMP0141 | B90: Email | C90: Brand Awareness | D90: 7758.17 | E90: 700 | F90: 93 | G90: 11529.94 | H90: 1.08 | I90: 1.49 | J90: 2024-07
A91: CMP0142 | B91: Google Ads | C91: Flash Sale | D91: 5021.98 | E91: 2606 | F91: 43 | G91: 12710.28 | H91: 1.62 | I91: 2.53 | J91: 2024-07
A92: CMP0145 | B92: LinkedIn Ads | C92: New Launch | D92: 8144 | E92: 2085 | F92: 46 | G92: 25319.3 | H92: 10.83 | I92: 3.11 | J92: 2024-07
A93: CMP0146 | B93: Google Ads | C93: Flash Sale | D93: 9208.28 | E93: 2232 | F93: 0 | G93: 20763.03 | H93: 1.98 | I93: 2.25 | J93: 2024-02
A94: CMP0147 | B94: Google Ads | C94: Flash Sale | D94: 3042.98 | E94: 1817 | F94: 0 | G94: 27820.72 | H94: 2.37 | I94: 9.14 | J94: 2024-09
A95: CMP0148 | B95: Email | C95: New Launch | D95: 2319.4 | E95: 1509 | F95: 120 | G95: 39440.01 | H95: 1.73 | I95: 17 | J95: 2024-02
A96: CMP0150 | B96: Instagram | C96: Summer Sale | D96: 14241.83 | E96: 2434 | F96: 11 | G96: 10906.94 | H96: 1.32 | I96: 0.77 | J96: 2024-01
A97: CMP0152 | B97: Google Ads | C97: Retargeting | D97: 5101.76 | E97: 536 | F97: 30 | G97: 14599.85 | H97: 0.55 | I97: 2.86 | J97: 2024-03
A98: CMP0156 | B98: Google Ads | C98: Summer Sale | D98: 5383.01 | E98: 1525 | F98: 67 | G98: 18636.3 | I98: 3.46 | J98: 2024-03
A99: CMP0157 | B99: Email | C99: Summer Sale | D99: 8992.91 | E99: 1081 | F99: 110 | G99: 1694.02 | H99: 4.3 | I99: 0.19 | J99: 2024-05
A100: CMP0158 | B100: Email | C100: Summer Sale | D100: 9865.55 | E100: 1080 | F100: 27 | G100: 0 | H100: 1.62 | I100: 0 | J100: 2024-04
A101: CMP0160 | B101: Email | C101: Brand Awareness | D101: 8394.47 | E101: 2547 | F101: 94 | G101: 14975.79 | H101: 1.36 | I101: 1.78 | J101: 2024-01
A102: CMP0163 | B102: Facebook Ads | C102: New Launch | D102: 2309.29 | E102: 866 | F102: 145 | G102: 3026.34 | H102: 0.64 | I102: 1.31 | J102: 2024-04
A103: CMP0164 | B103: Facebook Ads | C103: Flash Sale | D103: 11464.13 | E103: 2108 | F103: 96 | G103: 34227.63 | H103: 15.27 | I103: 2.99 | J103: 2024-08
A104: CMP0166 | B104: Instagram | C104: Summer Sale | D104: 13285.74 | E104: 1912 | F104: 60 | G104: 1818.67 | H104: 1.15 | I104: 0.14 | J104: 2024-07
A105: CMP0167 | B105: Google Ads | C105: Retargeting | D105: 3049.28 | E105: 2642 | F105: 103 | G105: 0 | H105: 10.6 | I105: 0 | J105: 2024-02
A106: CMP0169 | B106: Google Ads | C106: Retargeting | D106: 5410.2 | E106: 2295 | F106: 3 | G106: 37598.05 | H106: 1.62 | I106: 6.95 | J106: 2024-08
A107: CMP0170 | B107: Instagram | C107: Diwali Offer | D107: 14782.28 | E107: 2242 | F107: 113 | G107: 0 | H107: 1.86 | I107: 0 | J107: 2024-03
A108: CMP0173 | B108: Google Ads | C108: Flash Sale | D108: 14485.98 | E108: 2425 | F108: 128 | G108: 11300.14 | H108: 1.82 | I108: 0.78 | J108: 2024-09
A109: CMP0174 | B109: Facebook Ads | C109: Brand Awareness | D109: 14524.16 | E109: 2422 | F109: 54 | G109: 32904.76 | H109: 1.31 | I109: 2.27 | J109: 2024-05
A110: CMP0175 | B110: Facebook Ads | C110: Diwali Offer | D110: 10181.57 | E110: 747 | F110: 9 | G110: 21270.12 | H110: 0.88 | I110: 2.09 | J110: 2024-05
... A114: CMP0179 | B114: Instagram | C114: Retargeting | D114: 10564 | E114: 2058 | F114: 63 | G114: 2334.84 | H114: 16.49 | I114: 0.22 | J114: 2024-01
A115: CMP0180 | B115: Google Ads | C115: Diwali Offer | D115: 11431.94 | E115: 2715 | F115: 146 | G115: 18060.47 | I115: 1.58 | J115: 2024-06
A116: CMP0181 | B116: Google Ads | C116: Flash Sale | D116: 2076.47 | E116: 2040 | F116: 112 | G116: 8676.43 | H116: 6.35 | I116: 4.18 | J116: 2024-07
A117: CMP0183 | B117: Facebook Ads | C117: Brand Awareness | D117: 12604.38 | E117: 2180 | F117: 65 | G117: 3411.56 | H117: 2.21 | I117: 0.27 | J117: 2024-05
A118: CMP0184 | B118: Google Ads | C118: Diwali Offer | D118: 11825.85 | E118: 1582 | F118: 131 | G118: 15396.06 | H118: 1.44 | I118: 1.3 | J118: 2024-03
A119: CMP0186 | B119: LinkedIn Ads | C119: Brand Awareness | D119: 9915.53 | E119: 245 | F119: 54 | G119: 1979.95 | H119: 0.13 | I119: 0.2 | J119: 2024-06
A120: CMP0187 | B120: Instagram | C120: Brand Awareness | D120: 9200.02 | E120: 2246 | F120: 9 | G120: 199.74 | H120: 1.84 | I120: 0.02 | J120: 2024-07
A121: CMP0188 | B121: Google Ads | C121: New Launch | D121: 3844.59 | E121: 2667 | F121: 134 | G121: 12057.01 | H121: 2.85 | I121: 3.14 | J121: 2024-03
A122: CMP0189 | B122: Instagram | C122: Brand Awareness | D122: 669.94 | E122: 1601 | F122: 0 | G122: 6687.07 | H122: 0.88 | I122: 9.98 | J122: 2024-07
A123: CMP0190 | B123: Email | C123: New Launch | D123: 4523.77 | E123: 1972 | F123: 47 | G123: 896.98 | H123: 4.5 | I123: 0.2 | J123: 2024-03
A124: CMP0194 | B124: Instagram | C124: Summer Sale | D124: 9620.43 | E124: 1879 | F124: 145 | G124: 6894.4 | H124: 1.03 | I124: 0.72 | J124: 2024-07
...

Sheet Dashboard
B2: Marketing Campaign ROI Dashboard
B6: Total Spend | D6: Total Revenue | F6: Overall ROAS | H6: Avg CTR
B7: =SUM(Raw_Data!$D$2:$D$210) -> 1676890 | D7: =SUM(Raw_Data!$G$2:$G$210) -> 3580134.8 | F7: =D7/B7 -> 2.1349849 | H7: =AVERAGE(Raw_Data!$H$2:$H$210) -> 3.8753646
B10: ROAS by Channel | G10: Monthly Spend vs Revenue
B11: Channel | C11: Spend | D11: Revenue | E11: ROAS | G11: Month | H11: Spend | I11: Revenue
B12: Email | C12: =SUMIF(Raw_Data!$B$2:$B$210,B12,Raw_Data!$D$2:$D$210) -> 336100.39 | D12: =SUMIF(Raw_Data!$B$2:$B$210,B12,Raw_Data!$G$2:$G$210) -> 781775.22 | E12: =IFERROR(D12/C12,0) -> 2.326017 | G12: 2024-01 | H12: =SUMIF(Raw_Data!$J$2:$J$210,G12,Raw_Data!$D$2:$D$210) -> 256866.67 | I12: =SUMIF(Raw_Data!$J$2:$J$210,G12,Raw_Data!$G$2:$G$210) -> 465595.95
B13: Facebook Ads | C13: =SUMIF(Raw_Data!$B$2:$B$210,B13,Raw_Data!$D$2:$D$210) -> 347472.76 | D13: =SUMIF(Raw_Data!$B$2:$B$210,B13,Raw_Data!$G$2:$G$210) -> 848930.37 | E13: =IFERROR(D13/C13,0) -> 2.4431566 | G13: 2024-02 | H13: =SUMIF(Raw_Data!$J$2:$J$210,G13,Raw_Data!$D$2:$D$210) -> 171019.39 | I13: =SUMIF(Raw_Data!$J$2:$J$210,G13,Raw_Data!$G$2:$G$210) -> 470105.93
B14: Google Ads | C14: =SUMIF(Raw_Data!$B$2:$B$210,B14,Raw_Data!$D$2:$D$210) -> 389163.38 | D14: =SUMIF(Raw_Data!$B$2:$B$210,B14,Raw_Data!$G$2:$G$210) -> 956528.16 | E14: =IFERROR(D14/C14,0) -> 2.457909 | G14: 2024-03 | H14: =SUMIF(Raw_Data!$J$2:$J$210,G14,Raw_Data!$D$2:$D$210) -> 145543.19 | I14: =SUMIF(Raw_Data!$J$2:$J$210,G14,Raw_Data!$G$2:$G$210) -> 293772.28
B15: Instagram | C15: =SUMIF(Raw_Data!$B$2:$B$210,B15,Raw_Data!$D$2:$D$210) -> 475593.73 | D15: =SUMIF(Raw_Data!$B$2:$B$210,B15,Raw_Data!$G$2:$G$210) -> 815492.34 | E15: =IFERROR(D15/C15,0) -> 1.7146827 | G15: 2024-04 | H15: =SUMIF(Raw_Data!$J$2:$J$210,G15,Raw_Data!$D$2:$D$210) -> 134435.16 | I15: =SUMIF(Raw_Data!$J$2:$J$210,G15,Raw_Data!$G$2:$G$210) -> 308222.17
B16: LinkedIn Ads | C16: =SUMIF(Raw_Data!$B$2:$B$210,B16,Raw_Data!$D$2:$D$210) -> 128559.7 | D16: =SUMIF(Raw_Data!$B$2:$B$210,B16,Raw_Data!$G$2:$G$210) -> 177408.73 | E16: =IFERROR(D16/C16,0) -> 1.3799716 | G16: 2024-05 | H16: =SUMIF(Raw_Data!$J$2:$J$210,G16,Raw_Data!$D$2:$D$210) -> 200653.59 | I16: =SUMIF(Raw_Data!$J$2:$J$210,G16,Raw_Data!$G$2:$G$210) -> 365640.5
G17: 2024-06 | H17: =SUMIF(Raw_Data!$J$2:$J$210,G17,Raw_Data!$D$2:$D$210) -> 203588.09 | I17: =SUMIF(Raw_Data!$J$2:$J$210,G17,Raw_Data!$G$2:$G$210) -> 502077.29
G18: 2024-07 | H18: =SUMIF(Raw_Data!$J$2:$J$210,G18,Raw_Data!$D$2:$D$210) -> 254316.38 | I18: =SUMIF(Raw_Data!$J$2:$J$210,G18,Raw_Data!$G$2:$G$210) -> 493769.7
G19: 2024-08 | H19: =SUMIF(Raw_Data!$J$2:$J$210,G19,Raw_Data!$D$2:$D$210) -> 217678.85 | I19: =SUMIF(Raw_Data!$J$2:$J$210,G19,Raw_Data!$G$2:$G$210) -> 520103.89
G20: 2024-09 | H20: =SUMIF(Raw_Data!$J$2:$J$210,G20,Raw_Data!$D$2:$D$210) -> 40798.71 | I20: =SUMIF(Raw_Data!$J$2:$J$210,G20,Raw_Data!$G$2:$G$210) -> 91439.67
G21: 2024-10 | H21: =SUMIF(Raw_Data!$J$2:$J$210,G21,Raw_Data!$D$2:$D$210) -> 9150.78 | I21: =SUMIF(Raw_Data!$J$2:$J$210,G21,Raw_Data!$G$2:$G$210) -> 573.9
G22: 2024-11 | H22: =SUMIF(Raw_Data!$J$2:$J$210,G22,Raw_Data!$D$2:$D$210) -> 32650.53 | I22: =SUMIF(Raw_Data!$J$2:$J$210,G22,Raw_Data!$G$2:$G$210) -> 67347.63
G23: 2024-12 | H23: =SUMIF(Raw_Data!$J$2:$J$210,G23,Raw_Data!$D$2:$D$210) -> 10188.62 | I23: =SUMIF(Raw_Data!$J$2:$J$210,G23,Raw_Data!$G$2:$G$210) -> 1485.91
